language,speech_prediction,speech_probability,text_prediction,text_probability,asr_prediction,asr_probability
cmn,cmn,0.9994376301765442,zho,0.9999692440032959,ces,0.408985435962677
cmn,cmn,0.9998428821563721,zho,0.9375218152999878,tur,0.4378834366798401
cmn,cmn,0.9997013211250305,yue,0.9589967727661133,jpn,0.10963548719882965
cmn,cmn,0.9998880624771118,yue,0.9985091686248779,deu,0.08200442790985107
cmn,cmn,0.9997599720954895,yue,1.0000100135803223,est,0.7243328094482422
cmn,cmn,0.9996563196182251,yue,1.0000100135803223,swe,0.19628475606441498
cmn,cmn,0.9992315769195557,yue,1.0000098943710327,azj,0.1164497435092926
cmn,cmn,0.9998016953468323,zho,0.6619797945022583,lmo,0.18112002313137054
cmn,cmn,0.9995331764221191,yue,0.8895007967948914,eus,0.09624254703521729
cmn,cmn,0.9993558526039124,yue,1.000009536743164,kor,0.07554009556770325
cmn,cmn,0.999707043170929,yue,1.0000054836273193,deu,0.16648302972316742
cmn,cmn,0.9998278617858887,yue,0.9967565536499023,tur,0.39402279257774353
cmn,cmn,0.9998152852058411,yue,0.9988488554954529,tur,0.37822940945625305
cmn,cmn,0.9996174573898315,yue,1.0000100135803223,tur,0.751944363117218
cmn,cmn,0.9993782043457031,yue,0.9911249876022339,lim,0.2218194454908371
cmn,cmn,0.9996846914291382,yue,0.5154420733451843,fin,0.1304021030664444
cmn,cmn,0.9995514750480652,yue,1.0000100135803223,tur,0.061523910611867905
cmn,cmn,0.9998421669006348,yue,1.0000097751617432,ces,0.1313488632440567
cmn,cmn,0.9996520280838013,yue,0.9192816019058228,ces,0.4550405442714691
cmn,cmn,0.9992712140083313,zho,0.9985283017158508,deu,0.29969748854637146
cmn,cmn,0.9993680119514465,tur,0.6369885802268982,deu,0.5865799188613892
cmn,cmn,0.9997933506965637,yue,0.9818530678749084,hun,0.33025163412094116
cmn,cmn,0.999758780002594,yue,0.4744887351989746,chv,0.06794429570436478
cmn,cmn,0.9996328353881836,yue,0.6910744905471802,azj,0.3011699616909027
cmn,cmn,0.9998849630355835,yue,0.8023112416267395,deu,0.2666287124156952
cmn,cmn,0.999488115310669,yue,0.9243524074554443,hun,0.4277254343032837
cmn,cmn,0.9998863935470581,zho,0.5627938508987427,ces,0.4835232198238373
cmn,cmn,0.9998341798782349,zho,0.9054253697395325,tuk,0.0795101672410965
cmn,cmn,0.9998148083686829,yue,1.0000100135803223,eng,0.08503285050392151
cmn,cmn,0.999806821346283,yue,0.9972015023231506,vie,0.054079197347164154
cmn,cmn,0.9998268485069275,yue,0.9989289045333862,tuk,0.07765674591064453
cmn,cmn,0.9997178912162781,yue,1.0000096559524536,yue,0.08207632601261139
cmn,cmn,0.9998216032981873,zho,0.9925073385238647,deu,0.23348325490951538
cmn,cmn,0.9997143149375916,yue,0.9985780715942383,tur,0.09051356464624405
cmn,cmn,0.9998012185096741,zho,0.5182304978370667,hun,0.271170973777771
cmn,cmn,0.9974901676177979,yue,1.0000096559524536,vie,0.1019253358244896
cmn,cmn,0.9997149109840393,yue,0.9999940395355225,vie,0.049076277762651443
cmn,cmn,0.9996974468231201,yue,1.0000100135803223,vie,0.13581933081150055
cmn,cmn,0.9997484087944031,yue,0.9848145246505737,zho,0.05901212617754936
cmn,cmn,0.9996374845504761,yue,0.7672340273857117,tur,0.04778808727860451
cmn,cmn,0.9996029734611511,zho,0.4398981034755707,pol,0.31558552384376526
cmn,cmn,0.9996219873428345,yue,0.8674082159996033,deu,0.10152104496955872
cmn,cmn,0.9996809959411621,yue,0.9971100687980652,lim,0.09316059201955795
cmn,cmn,0.9998857975006104,yue,0.9998044371604919,azj,0.04595177620649338
cmn,cmn,0.999594509601593,yue,0.9965534806251526,eng,0.23631231486797333
cmn,cmn,0.9997919201850891,yue,0.9567487835884094,azj,0.4346931278705597
cmn,cmn,0.9998231530189514,yue,0.9999431371688843,pol,0.10579923540353775
cmn,cmn,0.9996761083602905,zho,0.9861823916435242,deu,0.18612539768218994
cmn,cmn,0.9997450709342957,yue,0.894081711769104,hun,0.1676131933927536
cmn,cmn,0.9998289346694946,zho,0.9999692440032959,tur,0.7968348264694214
cmn,cmn,0.99979168176651,yue,0.6671255230903625,pol,0.4190954267978668
cmn,cmn,0.999160647392273,yue,1.0000020265579224,est,0.7639551162719727
cmn,cmn,0.9998131394386292,yue,1.0000100135803223,azj,0.1571836918592453
cmn,cmn,0.9995355606079102,yue,1.0000081062316895,ces,0.11107508838176727
cmn,cmn,0.999424934387207,yue,1.0000098943710327,gle,0.22558817267417908
cmn,cmn,0.9998118281364441,yue,1.0000100135803223,khm,0.20357203483581543
cmn,cmn,0.9997721314430237,yue,0.7389929890632629,ces,0.09735926240682602
cmn,cmn,0.9995467066764832,zho,0.9993094205856323,deu,0.26667520403862
cmn,cmn,0.9995601773262024,zho,0.9839131832122803,slk,0.21049541234970093
cmn,cmn,0.9996732473373413,yue,0.9950231909751892,deu,0.1520528644323349
cmn,cmn,0.999768078327179,yue,0.999850869178772,zho,0.2293110489845276
cmn,cmn,0.9998602867126465,zho,0.5627938508987427,pol,0.3574213981628418
cmn,cmn,0.9993327260017395,zho,0.6274853944778442,arb,0.07961800694465637
cmn,cmn,0.9998134970664978,yue,0.7367411255836487,azb,0.18493801355361938
cmn,cmn,0.9997416138648987,yue,1.000009536743164,yue,0.28756847977638245
cmn,cmn,0.9998327493667603,yue,1.0000096559524536,azj,0.17858627438545227
cmn,cmn,0.9997047781944275,yue,1.0000100135803223,est,0.18876412510871887
cmn,cmn,0.9994733929634094,yue,0.9997926354408264,ces,0.11462379992008209
cmn,cmn,0.9998595714569092,yue,0.9990396499633789,pol,0.06515035033226013
cmn,cmn,0.9995558857917786,yue,0.9998216032981873,zho,0.05628564581274986
cmn,cmn,0.9997895359992981,yue,0.9998441934585571,hun,0.9084396958351135
cmn,cmn,0.9997881054878235,yue,1.000003457069397,azj,0.11234734952449799
cmn,cmn,0.9997349381446838,zho,0.919451892375946,deu,0.2182721048593521
cmn,cmn,0.9998169541358948,yue,0.9937925934791565,pol,0.21499067544937134
cmn,cmn,0.999846339225769,yue,0.8467845916748047,yue,0.2018069475889206
cmn,cmn,0.9998689889907837,zho,0.9385577440261841,ces,0.13003051280975342
cmn,cmn,0.9998699426651001,yue,0.9998210072517395,azb,0.0549326129257679
cmn,cmn,0.9996101260185242,zho,0.9958040714263916,azj,0.5381988286972046
cmn,cmn,0.9993453621864319,yue,0.9911249876022339,tur,0.8726416826248169
cmn,cmn,0.9998390674591064,yue,1.0000083446502686,ces,0.2634055018424988
cmn,cmn,0.9997788071632385,yue,0.9958921670913696,tur,0.2729853391647339
cmn,cmn,0.9998384714126587,zho,0.7549365162849426,eng,0.126547172665596
cmn,cmn,0.9998194575309753,yue,0.999976396560669,tur,0.23772720992565155
cmn,cmn,0.9994990825653076,yue,0.9950231909751892,deu,0.35585442185401917
cmn,cmn,0.9997132420539856,zho,0.8661291599273682,vie,0.19035087525844574
cmn,cmn,0.9995641112327576,yue,0.9791063070297241,ces,0.5638977885246277
cmn,cmn,0.9998565912246704,yue,0.9995187520980835,hun,0.5579583644866943
cmn,cmn,0.9995860457420349,yue,0.9922158122062683,som,0.11131002008914948
cmn,cmn,0.9998664855957031,yue,0.9999945163726807,gle,0.247026264667511
cmn,cmn,0.9998001456260681,zho,0.9997461438179016,pol,0.1459871232509613
cmn,cmn,0.9996019005775452,yue,0.9912323951721191,mar,0.053722865879535675
cmn,cmn,0.9996169805526733,yue,1.0000098943710327,deu,0.4305598735809326
cmn,cmn,0.9997550845146179,yue,0.9999998807907104,hun,0.29265397787094116
cmn,cmn,0.9997970461845398,yue,0.9997201561927795,pol,0.7814220786094666
cmn,cmn,0.9997766613960266,zho,0.9993326663970947,hun,0.19932477176189423
cmn,cmn,0.9998217225074768,yue,0.9937925934791565,hun,0.18450765311717987
cmn,cmn,0.9998623132705688,yue,0.9987851977348328,azj,0.05189155042171478
cmn,cmn,0.99978107213974,zho,0.8897761106491089,khm,0.07596870511770248
cmn,cmn,0.9997439980506897,yue,1.0000100135803223,tur,0.842244565486908
cmn,cmn,0.9997952580451965,zho,0.9993094205856323,pol,0.6297411322593689
cmn,cmn,0.9992080330848694,zho,0.9991194605827332,gle,0.1806202381849289
cmn,cmn,0.9996826648712158,yue,0.9982056021690369,tur,0.1977296620607376
cmn,cmn,0.9994521737098694,yue,0.9999816417694092,pol,0.10262839496135712
cmn,cmn,0.9998476505279541,yue,0.9613267183303833,ewe,0.06601178646087646
cmn,cmn,0.999778687953949,yue,0.9972503185272217,hun,0.11820298433303833
cmn,cmn,0.9992389678955078,zho,0.9716605544090271,kor,0.3755756616592407
cmn,cmn,0.9997926354408264,yue,1.0000097751617432,azj,0.14114302396774292
cmn,cmn,0.9996464252471924,yue,1.0000077486038208,zho,0.09708833694458008
cmn,cmn,0.9998952150344849,yue,1.0000098943710327,deu,0.1822209656238556
cmn,cmn,0.9997658133506775,yue,1.0000098943710327,gle,0.051655929535627365
cmn,cmn,0.9997268319129944,yue,0.9417550563812256,hun,0.2569495737552643
cmn,cmn,0.9996943473815918,yue,0.9999997615814209,tuk,0.04215904697775841
cmn,cmn,0.9997220635414124,yue,0.9994804263114929,pol,0.5088557004928589
cmn,cmn,0.9997485280036926,yue,0.9999856948852539,pol,0.4580168128013611
cmn,cmn,0.9997907280921936,yue,0.9999611377716064,deu,0.06868065148591995
cmn,cmn,0.9996845722198486,yue,0.9970693588256836,tur,0.6746200919151306
cmn,cmn,0.9997338652610779,yue,0.7389929890632629,pol,0.6265822052955627
cmn,cmn,0.9998574256896973,zho,0.94502854347229,deu,0.11257048696279526
cmn,cmn,0.9997319579124451,yue,0.9997995495796204,slk,0.5105617046356201
cmn,cmn,0.9998775720596313,yue,0.9818460941314697,ces,0.1330736130475998
cmn,cmn,0.9998708963394165,yue,0.9996545314788818,hun,0.2504846751689911
cmn,cmn,0.9996587038040161,yue,0.7265638113021851,azb,0.06518182158470154
cmn,cmn,0.9997788071632385,zho,0.685021698474884,deu,0.08771055936813354
cmn,cmn,0.9997000694274902,yue,0.9683764576911926,pol,0.17522192001342773
cmn,cmn,0.999786913394928,yue,0.8682894110679626,lmo,0.6227831840515137
cmn,cmn,0.9997784495353699,zho,0.916327178478241,deu,0.07886649668216705
cmn,cmn,0.9998302459716797,yue,0.9998847246170044,yue,0.07683070749044418
cmn,cmn,0.9997273087501526,yue,0.6378366947174072,azj,0.46971631050109863
cmn,cmn,0.999725878238678,yue,1.0000096559524536,tur,0.10257831960916519
cmn,cmn,0.9998595714569092,yue,0.9989681243896484,ces,0.19428163766860962
cmn,cmn,0.9995148181915283,yue,0.999940037727356,kor,0.07675627619028091
cmn,cmn,0.9997413754463196,yue,0.9977653622627258,ces,0.32432615756988525
cmn,cmn,0.9996641874313354,zho,0.8916159868240356,lmo,0.3623099625110626
cmn,cmn,0.9998273849487305,yue,1.0000097751617432,lmo,0.06604278087615967
cmn,cmn,0.9998569488525391,yue,0.9999945163726807,azb,0.06103907525539398
cmn,cmn,0.9998754262924194,yue,1.0000083446502686,bod,0.039259232580661774
cmn,cmn,0.9996142387390137,vie,0.2629726827144623,vie,0.6136413812637329
cmn,cmn,0.9996610879898071,yue,0.9979544281959534,zho,0.1236906573176384
cmn,cmn,0.9999008178710938,yue,0.999954342842102,tur,0.22242183983325958
cmn,cmn,0.9998531341552734,yue,0.9966405034065247,deu,0.0425100177526474
cmn,cmn,0.9997077584266663,yue,0.9990259408950806,isl,0.08152078837156296
cmn,cmn,0.9998278617858887,yue,0.6988012790679932,deu,0.12297626584768295
cmn,cmn,0.9997438788414001,zho,0.7350104451179504,slk,0.19581228494644165
cmn,cmn,0.9998281002044678,yue,1.0000042915344238,azj,0.4449295997619629
cmn,cmn,0.9995222091674805,zho,0.9707044363021851,tur,0.17609168589115143
cmn,cmn,0.9995573163032532,yue,0.9524087309837341,ces,0.81821209192276
cmn,cmn,0.9998087286949158,yue,0.9998847246170044,tuk,0.1407269537448883
cmn,cmn,0.9997467398643494,yue,0.9602041244506836,est,0.08005379885435104
cmn,cmn,0.999816358089447,zho,0.43930691480636597,kor,0.11706449091434479
cmn,cmn,0.999553382396698,yue,0.9997380375862122,deu,0.13591961562633514
cmn,cmn,0.9998457431793213,zho,0.9899135828018188,hun,0.313248872756958
cmn,cmn,0.9997618794441223,yue,0.9818530678749084,isl,0.7223473191261292
cmn,cmn,0.9998468160629272,zho,0.9899135828018188,xho,0.03475275635719299
cmn,cmn,0.9997795224189758,zho,0.8944759368896484,hun,0.08796502649784088
cmn,cmn,0.9997788071632385,yue,1.0000096559524536,deu,0.10360373556613922
cmn,cmn,0.999479353427887,yue,0.9657494425773621,azj,0.1818782240152359
cmn,cmn,0.9998144507408142,zho,0.9994313716888428,ces,0.15832306444644928
cmn,cmn,0.9998685121536255,yue,1.0000100135803223,deu,0.14792273938655853
cmn,cmn,0.9998863935470581,yue,1.0000078678131104,hun,0.24161526560783386
cmn,cmn,0.9998695850372314,yue,0.999850869178772,ces,0.04737217351794243
cmn,cmn,0.9996260404586792,yue,0.99996018409729,hun,0.14308084547519684
cmn,cmn,0.9997132420539856,yue,0.9999744892120361,yue,0.21182498335838318
cmn,cmn,0.9998714923858643,yue,1.0000100135803223,zho,0.20795932412147522
cmn,cmn,0.9998730421066284,zho,0.9999675750732422,ces,0.34245938062667847
cmn,cmn,0.9998927116394043,zho,0.685021698474884,swe,0.19557413458824158
cmn,cmn,0.9994993209838867,yue,0.9999940395355225,tur,0.13032791018486023
cmn,cmn,0.9996861219406128,yue,1.0000004768371582,azj,0.3185994029045105
cmn,cmn,0.9998564720153809,yue,0.9998847246170044,deu,0.05702817067503929
cmn,cmn,0.9999154806137085,yue,1.0000100135803223,lmo,0.44052597880363464
cmn,cmn,0.9996015429496765,zho,0.9631537199020386,hun,0.2588922381401062
cmn,cmn,0.999816358089447,zho,0.9974944591522217,eng,0.09813189506530762
cmn,cmn,0.9998760223388672,zho,0.7585247159004211,deu,0.11438004672527313
cmn,cmn,0.9997218251228333,zho,0.9639670848846436,tuk,0.1227576732635498
cmn,cmn,0.9998459815979004,zho,0.9997461438179016,hun,0.14174365997314453
cmn,cmn,0.9997542500495911,zho,0.5068678855895996,jpn,0.08169786632061005
cmn,cmn,0.9998518228530884,yue,0.9999995231628418,gle,0.28716179728507996
cmn,cmn,0.9998910427093506,yue,1.0000100135803223,azb,0.14117328822612762
cmn,cmn,0.9998475313186646,yue,1.000009536743164,pol,0.06786077469587326
cmn,cmn,0.9998892545700073,yue,0.9192816019058228,ces,0.341096967458725
cmn,cmn,0.9994459748268127,yue,0.4744887351989746,mar,0.03232615813612938
cmn,cmn,0.9998061060905457,yue,0.997637927532196,hun,0.15191736817359924
cmn,cmn,0.9990692734718323,zho,0.9192686080932617,azj,0.26874205470085144
cmn,cmn,0.9997575879096985,zho,0.9999675750732422,tur,0.4879460632801056
cmn,cmn,0.9997743964195251,yue,1.0000100135803223,ces,0.08970312774181366
cmn,cmn,0.9997946619987488,yue,0.9999483823776245,tur,0.5569085478782654
cmn,cmn,0.9998283386230469,yue,0.8682894110679626,ces,0.24267151951789856
cmn,cmn,0.9998310804367065,yue,0.9999605417251587,azj,0.07277055829763412
cmn,cmn,0.999891996383667,yue,0.9979730844497681,hun,0.0895283967256546
cmn,cmn,0.9998190999031067,yue,1.0000100135803223,vie,0.22056926786899567
cmn,cmn,0.9996218681335449,zho,0.9999631643295288,mos,0.13550575077533722
cmn,cmn,0.9985072016716003,zho,0.9770574569702148,deu,0.40428581833839417
cmn,cmn,0.9994354844093323,vie,0.2629726827144623,azj,0.6212325096130371
cmn,cmn,0.9994493126869202,yue,0.9154818654060364,tur,0.1747838258743286
cmn,cmn,0.9996309280395508,yue,0.9996195435523987,deu,0.11337386071681976
cmn,cmn,0.9997488856315613,yue,0.9102782607078552,hun,0.42301446199417114
cmn,cmn,0.9998250603675842,yue,1.0000096559524536,tur,0.06993576139211655
cmn,cmn,0.999843955039978,zho,0.6623139381408691,kor,0.524978518486023
cmn,cmn,0.9998400211334229,yue,0.964777946472168,deu,0.8973671197891235
cmn,cmn,0.9996464252471924,yue,0.9417550563812256,deu,0.19200028479099274
cmn,cmn,0.999757707118988,yue,0.9994804263114929,khm,0.1231871098279953
cmn,cmn,0.9997422099113464,yue,0.9999570846557617,swe,0.130157932639122
cmn,cmn,0.9997780919075012,zho,0.8897761106491089,hun,0.12889938056468964
cmn,cmn,0.9998028874397278,yue,1.0000096559524536,eus,0.06848182529211044
cmn,cmn,0.9997702240943909,zho,0.9369154572486877,uzn,0.3154181241989136
cmn,cmn,0.9998270869255066,yue,0.9994230270385742,hun,0.09921109676361084
cmn,cmn,0.9998492002487183,yue,0.9796071648597717,hun,0.21287894248962402
cmn,cmn,0.9997450709342957,yue,0.9997144341468811,hun,0.3366803228855133
cmn,cmn,0.9998823404312134,zho,0.5068678855895996,hun,0.23569916188716888
cmn,cmn,0.9998101592063904,yue,0.9680517315864563,hun,0.28783339262008667
cmn,cmn,0.9997832179069519,yue,1.000001311302185,deu,0.31622791290283203
cmn,cmn,0.9998339414596558,yue,0.9830939173698425,gle,0.06645885109901428
cmn,cmn,0.9997532963752747,yue,1.0000100135803223,ces,0.19578111171722412
cmn,cmn,0.9998100399971008,zho,0.8661291599273682,vie,0.12313389778137207
cmn,cmn,0.999864935874939,yue,1.0000097751617432,slk,0.23730872571468353
cmn,cmn,0.9997738003730774,yue,0.9929488897323608,mar,0.08958425372838974
cmn,cmn,0.9996731281280518,zho,0.999976396560669,azb,0.16836890578269958
cmn,cmn,0.9998650550842285,yue,0.9830939173698425,deu,0.07646414637565613
cmn,cmn,0.9998641014099121,yue,1.0000081062316895,hun,0.11705006659030914
cmn,cmn,0.9997982382774353,yue,1.0000100135803223,tur,0.30345794558525085
cmn,cmn,0.9997922778129578,yue,1.0000004768371582,isl,0.24255205690860748
cmn,cmn,0.9998021721839905,yue,0.9998571872711182,deu,0.09883623570203781
cmn,cmn,0.9997864365577698,yue,0.8789017200469971,tur,0.1605575680732727
cmn,cmn,0.9998666048049927,yue,1.0000098943710327,gle,0.15964250266551971
cmn,cmn,0.9998598098754883,yue,1.000006079673767,tuk,0.1803976446390152
cmn,cmn,0.9998334646224976,yue,0.9996545314788818,hun,0.28221988677978516
cmn,cmn,0.9996371269226074,yue,1.0000089406967163,kor,0.2499292641878128
cmn,cmn,0.9996465444564819,yue,0.9999940395355225,pol,0.08290678262710571
cmn,cmn,0.9998192191123962,yue,0.8415701985359192,tur,0.4008655846118927
cmn,cmn,0.9996213912963867,yue,1.0000048875808716,eng,0.10769928246736526
cmn,cmn,0.9997794032096863,yue,0.9998626708984375,deu,0.21783588826656342
cmn,cmn,0.9996680021286011,zho,0.9999579191207886,cym,0.20465059578418732
cmn,cmn,0.9996284246444702,zho,0.9964758157730103,deu,0.06970575451850891
cmn,cmn,0.9993520379066467,yue,1.000009536743164,deu,0.28981924057006836
cmn,cmn,0.9996358156204224,yue,1.0000096559524536,isl,0.2735389173030853
cmn,cmn,0.999808132648468,yue,0.9999434947967529,tur,0.11377741396427155
cmn,cmn,0.9998354911804199,yue,0.9998776912689209,azb,0.21619157493114471
cmn,cmn,0.9998418092727661,yue,0.9998447895050049,tur,0.3105073571205139
cmn,cmn,0.9994878768920898,yue,0.9575112462043762,lmo,0.2211008071899414
cmn,cmn,0.999546229839325,zho,0.8913208842277527,deu,0.3450872302055359
cmn,cmn,0.9997507929801941,zho,0.9944738745689392,hun,0.04031902924180031
cmn,cmn,0.9998389482498169,yue,0.5350958704948425,hun,0.2777349054813385
cmn,cmn,0.999727189540863,yue,0.9997201561927795,eus,0.46719762682914734
cmn,cmn,0.9992714524269104,yue,0.9104622006416321,hun,0.30570560693740845
cmn,cmn,0.9997962117195129,zho,0.916327178478241,tur,0.14591386914253235
cmn,cmn,0.999653697013855,zho,0.9533135890960693,nia,0.06780724227428436
cmn,cmn,0.9997149109840393,yue,0.999954342842102,san,0.15331003069877625
cmn,cmn,0.9995872378349304,zho,0.9991194605827332,pol,0.34513893723487854
cmn,cmn,0.9995518326759338,zho,0.9716605544090271,deu,0.32057979702949524
cmn,cmn,0.9996744394302368,zho,0.9639670848846436,tuk,0.3056870698928833
cmn,cmn,0.9997711777687073,zho,0.7265589833259583,ces,0.20587773621082306
cmn,cmn,0.9997738003730774,yue,0.9996195435523987,tur,0.260367214679718
cmn,cmn,0.9997909665107727,zho,0.9493849873542786,azb,0.09198753535747528
cmn,cmn,0.9997053742408752,yue,0.6988012790679932,hun,0.26129642128944397
cmn,cmn,0.9998642206192017,zho,0.94502854347229,azj,0.24776241183280945
cmn,cmn,0.9994975328445435,yue,0.9987979531288147,hun,0.38140609860420227
cmn,cmn,0.9998345375061035,zho,0.862561047077179,pol,0.3963538706302643
cmn,cmn,0.9996689558029175,zho,0.9907946586608887,san,0.05728067457675934
cmn,cmn,0.9988588094711304,yue,1.0000100135803223,vie,0.2434229850769043
cmn,cmn,0.9998281002044678,yue,0.7544573545455933,gle,0.28616267442703247
cmn,cmn,0.9995300769805908,yue,0.9192816019058228,nav,0.13289548456668854
cmn,cmn,0.9998865127563477,zho,0.9517403244972229,azj,0.08666357398033142
cmn,cmn,0.999337375164032,yue,0.7265638113021851,hun,0.11081971973180771
cmn,cmn,0.9995982050895691,zho,0.9716605544090271,hun,0.8364450931549072
cmn,cmn,0.9998219609260559,yue,0.9972503185272217,hun,0.05023651942610741
cmn,cmn,0.9999003410339355,yue,0.9994230270385742,azb,0.061515361070632935
cmn,cmn,0.9996893405914307,yue,0.6910744905471802,azj,0.4182527959346771
cmn,cmn,0.9997496008872986,yue,1.0000100135803223,est,0.1463676244020462
cmn,cmn,0.9998140931129456,yue,0.9899571537971497,zho,0.17507317662239075
cmn,cmn,0.9995911717414856,zho,0.9998441934585571,mos,0.2564040720462799
cmn,cmn,0.9995985627174377,yue,1.0000089406967163,arb,0.13639958202838898
cmn,cmn,0.999526858329773,yue,0.9998776912689209,pol,0.4114895761013031
cmn,cmn,0.9996583461761475,yue,1.0000097751617432,ces,0.42021694779396057
cmn,cmn,0.9997461438179016,zho,0.9944738745689392,khm,0.10615207999944687
cmn,cmn,0.9995715022087097,yue,0.9998044371604919,zho,0.1878294050693512
cmn,cmn,0.9998507499694824,yue,0.7367411255836487,vie,0.2658442258834839
cmn,cmn,0.9998538494110107,tur,0.6369885802268982,deu,0.763060986995697
cmn,cmn,0.9997878670692444,yue,0.7307254076004028,vie,0.5994840264320374
cmn,cmn,0.9997900128364563,zho,0.9938496947288513,ces,0.7251981496810913
cmn,cmn,0.9998693466186523,zho,0.9707104563713074,deu,0.5056432485580444
cmn,cmn,0.9998477697372437,yue,0.9998626708984375,azb,0.2053714096546173
cmn,cmn,0.9997072815895081,yue,1.0000097751617432,ces,0.6063465476036072
cmn,cmn,0.9995378255844116,yue,0.9102782607078552,azj,0.13970084488391876
cmn,cmn,0.9997619986534119,yue,0.9999483823776245,deu,0.16157789528369904
cmn,cmn,0.9994687438011169,yue,0.9998216032981873,kab,0.05125008150935173
cmn,cmn,0.9998960494995117,yue,1.0000041723251343,ces,0.17324253916740417
cmn,cmn,0.9992855191230774,zho,0.9990286827087402,chv,0.719197690486908
cmn,cmn,0.9998008608818054,yue,0.964777946472168,swe,0.17038269340991974
cmn,cmn,0.9998096823692322,yue,0.999942421913147,hun,0.3513792157173157
cmn,cmn,0.9998158812522888,yue,0.999335765838623,azb,0.0703745037317276
cmn,cmn,0.9997993111610413,zho,0.9907946586608887,yue,0.1412198543548584
cmn,cmn,0.9993913173675537,yue,1.0000098943710327,hun,0.2520126402378082
cmn,cmn,0.9997820258140564,yue,0.9818530678749084,isl,0.14792203903198242
cmn,cmn,0.9997943043708801,zho,0.9925073385238647,pol,0.18503962457180023
cmn,cmn,0.999840259552002,yue,0.984347403049469,deu,0.061353348195552826
cmn,cmn,0.9995083808898926,yue,1.0000098943710327,azj,0.23932844400405884
cmn,cmn,0.9996546506881714,yue,0.9987979531288147,zho,0.07704778760671616
cmn,cmn,0.9994533658027649,yue,0.7672340273857117,tur,0.12845097482204437
cmn,cmn,0.9998291730880737,yue,0.9326199293136597,tur,0.5813645124435425
cmn,cmn,0.9998672008514404,yue,0.9989289045333862,zho,0.053828831762075424
cmn,cmn,0.9997254014015198,yue,0.7367411255836487,slk,0.33242544531822205
cmn,cmn,0.9995984435081482,yue,1.0000020265579224,eng,0.10613975673913956
cmn,cmn,0.9997642636299133,yue,0.5350958704948425,yue,0.12984038889408112
cmn,cmn,0.9997400641441345,yue,0.9683764576911926,azj,0.4633268415927887
cmn,cmn,0.999291181564331,yue,1.0000098943710327,pol,0.2118726372718811
cmn,cmn,0.9997617602348328,yue,0.9999138116836548,kor,0.9267540574073792
cmn,cmn,0.999853253364563,yue,0.999335765838623,deu,0.15126563608646393
cmn,cmn,0.9997962117195129,yue,0.9999570846557617,zho,0.04861046373844147
cmn,cmn,0.999795138835907,yue,1.0000004768371582,nia,0.2129993885755539
cmn,cmn,0.9997650980949402,yue,0.9524087309837341,ces,0.5092332363128662
cmn,cmn,0.9998595714569092,zho,0.9707104563713074,yue,0.18106557428836823
cmn,cmn,0.9997956156730652,yue,0.9914970397949219,dan,0.03707265481352806
cmn,cmn,0.9999105930328369,yue,1.0000028610229492,zho,0.05973771587014198
cmn,cmn,0.9998728036880493,yue,0.8594154119491577,hun,0.08523846417665482
cmn,cmn,0.9997891783714294,yue,0.9277016520500183,azb,0.12449970096349716
cmn,cmn,0.9998277425765991,zho,0.9983759522438049,pol,0.21086935698986053
cmn,cmn,0.999504566192627,yue,1.0000100135803223,dan,0.11835794895887375
cmn,cmn,0.9997425675392151,zho,0.9885907769203186,deu,0.10623907297849655
cmn,cmn,0.9983135461807251,yue,1.0000096559524536,azb,0.2543162405490875
cmn,cmn,0.9998049139976501,yue,1.0000100135803223,pol,0.05678996816277504
cmn,cmn,0.9997349381446838,yue,0.9999434947967529,yue,0.06207243353128433
cmn,cmn,0.9998421669006348,yue,0.9995187520980835,hun,0.3077341914176941
cmn,cmn,0.9996926784515381,yue,0.8266451954841614,gle,0.1426047831773758
cmn,cmn,0.9998406171798706,zho,0.9861823916435242,fin,0.061408039182424545
cmn,cmn,0.9998646974563599,yue,0.9998571872711182,vie,0.16508233547210693
cmn,cmn,0.999775230884552,yue,1.0000100135803223,hun,0.3262794017791748
cmn,cmn,0.9995569586753845,yue,0.99432373046875,swe,0.12763246893882751
cmn,cmn,0.999768078327179,yue,0.9998441934585571,azj,0.3587220013141632
cmn,cmn,0.9998457431793213,yue,1.0000041723251343,deu,0.1577576994895935
cmn,cmn,0.9998307228088379,yue,1.0000100135803223,isl,0.11986148357391357
cmn,cmn,0.9997974038124084,zho,0.9896253347396851,hun,0.475596159696579
cmn,cmn,0.9997395873069763,zho,0.9944738745689392,lmo,0.2686515152454376
cmn,cmn,0.9998664855957031,yue,1.0000100135803223,ayr,0.13480544090270996
cmn,cmn,0.9997804760932922,zho,0.9998441934585571,hun,0.11049605160951614
cmn,cmn,0.9993532299995422,zho,0.9983759522438049,est,0.6362840533256531
cmn,cmn,0.9995819926261902,yue,0.943939208984375,hun,0.0962458997964859
cmn,cmn,0.9997623562812805,yue,0.999954342842102,pol,0.1924247145652771
cmn,cmn,0.9998646974563599,zho,0.6623139381408691,azj,0.2548331022262573
cmn,cmn,0.9997997879981995,yue,0.9987851977348328,hun,0.10686726868152618
cmn,cmn,0.9996869564056396,yue,0.977934718132019,tur,0.21031679213047028
cmn,cmn,0.9998025298118591,zho,0.9991182684898376,deu,0.3413912057876587
cmn,cmn,0.999026894569397,zho,0.7350104451179504,tur,0.4361262619495392
cmn,cmn,0.9998359680175781,zho,0.9993326663970947,deu,0.25580209493637085
cmn,cmn,0.99982088804245,yue,0.9466031193733215,deu,0.06944997608661652
cmn,cmn,0.9997445940971375,yue,0.9102782607078552,tur,0.16453008353710175
cmn,cmn,0.9997833371162415,yue,1.0000081062316895,ces,0.36802536249160767
cmn,cmn,0.9991509914398193,zho,0.9914908409118652,est,0.38573434948921204
cmn,cmn,0.9998151659965515,yue,1.000009536743164,eng,0.25871533155441284
cmn,cmn,0.9997565150260925,zho,0.8204928040504456,tur,0.4908943474292755
cmn,cmn,0.9994279742240906,yue,1.0000020265579224,azj,0.07809678465127945
cmn,cmn,0.9998786449432373,zho,0.610033392906189,deu,0.1210094690322876
cmn,cmn,0.9997702240943909,yue,1.0000100135803223,dan,0.14664851129055023
cmn,cmn,0.9997971653938293,yue,1.0000054836273193,hun,0.14497597515583038
cmn,cmn,0.999825656414032,yue,1.000001311302185,pol,0.5870436429977417
cmn,cmn,0.9995087385177612,yue,0.8533543944358826,ces,0.1380918174982071
cmn,cmn,0.999893307685852,yue,0.964777946472168,pol,0.817746639251709
cmn,cmn,0.9997525811195374,zho,0.8567492365837097,vie,0.22011783719062805
cmn,cmn,0.9997861981391907,zho,0.45637190341949463,hun,0.07946807891130447
cmn,cmn,0.9998337030410767,yue,1.0000042915344238,tur,0.7577900886535645
cmn,cmn,0.9998805522918701,yue,0.9963654279708862,ces,0.18323442339897156
cmn,cmn,0.9998001456260681,zho,0.752761960029602,azj,0.06873971223831177
cmn,cmn,0.9989145994186401,zho,0.9999692440032959,hun,0.16352492570877075
cmn,cmn,0.9988442659378052,zho,0.5854173302650452,azj,0.5327619314193726
cmn,cmn,0.9998074173927307,yue,1.0000100135803223,tur,0.4856414198875427
cmn,cmn,0.9997560381889343,zho,0.8944759368896484,zho,0.07344158738851547
cmn,cmn,0.9997498393058777,yue,1.000007152557373,isl,0.0928308516740799
cmn,cmn,0.9996447563171387,zho,0.7646845579147339,pol,0.3949607312679291
cmn,cmn,0.9998600482940674,yue,0.9816370606422424,hun,0.08770008385181427
cmn,cmn,0.9997615218162537,yue,0.9966405034065247,nia,0.11774765700101852
cmn,cmn,0.9998107552528381,zho,0.9385577440261841,ces,0.2697390913963318
cmn,cmn,0.9994520545005798,yue,1.0000098943710327,ces,0.14178094267845154
cmn,cmn,0.9997965693473816,yue,0.9977653622627258,ces,0.20691414177417755
cmn,cmn,0.9998369216918945,yue,0.9752468466758728,hun,0.21241344511508942
cmn,cmn,0.9997987151145935,yue,1.0000091791152954,deu,0.38783901929855347
cmn,cmn,0.9996315240859985,yue,0.9998447895050049,tur,0.7188808917999268
cmn,cmn,0.9994804263114929,yue,0.8415701985359192,zsm,0.1193111315369606
cmn,cmn,0.9997342228889465,yue,0.9567487835884094,tur,0.45687153935432434
cmn,cmn,0.9998267292976379,yue,0.999916672706604,pol,0.12453648447990417
cmn,cmn,0.9997856020927429,yue,0.9133325219154358,azj,0.17051687836647034
cmn,cmn,0.9997178912162781,yue,1.0000100135803223,isl,0.1349310725927353
cmn,cmn,0.9998179078102112,yue,0.9999493360519409,tuk,0.21000730991363525
cmn,cmn,0.9998874664306641,yue,0.3950433135032654,tur,0.5358720421791077
cmn,cmn,0.999836802482605,yue,0.9993855357170105,ces,0.1588517278432846
cmn,cmn,0.9994316697120667,zho,0.5854173302650452,azj,0.5831129550933838
cmn,cmn,0.9997192025184631,yue,0.9999611377716064,deu,0.33894193172454834
cmn,cmn,0.999755322933197,yue,0.9848145246505737,eng,0.09207646548748016
cmn,cmn,0.9998478889465332,yue,0.3950433135032654,tur,0.2935676872730255
cmn,cmn,0.9997962117195129,yue,0.9998980760574341,hun,0.12642784416675568
cmn,cmn,0.9998001456260681,yue,0.5786243677139282,deu,0.809788167476654
cmn,cmn,0.9998263716697693,yue,1.0000100135803223,swe,0.2389155477285385
cmn,cmn,0.9998107552528381,yue,0.6671255230903625,hun,0.14692403376102448
cmn,cmn,0.9998295307159424,zho,0.9782036542892456,tur,0.2564288079738617
cmn,cmn,0.9997039437294006,zho,0.8771201968193054,tur,0.18783219158649445
cmn,cmn,0.9998528957366943,zho,0.9872953295707703,deu,0.19600732624530792
cmn,cmn,0.9997840523719788,zho,0.9994313716888428,slk,0.13991279900074005
cmn,cmn,0.9996645450592041,zho,0.9502251148223877,gle,0.952843427658081
cmn,cmn,0.9998072981834412,yue,0.9990259408950806,ces,0.05875955522060394
cmn,cmn,0.9997912049293518,yue,1.0000098943710327,arb,0.0793590173125267
cmn,cmn,0.9994412064552307,yue,0.9417550563812256,deu,0.3070145547389984
cmn,cmn,0.9998065829277039,yue,0.9683764576911926,pol,0.2651345431804657
cmn,cmn,0.9997486472129822,yue,0.9998137354850769,vec,0.13126540184020996
cmn,cmn,0.9986926913261414,yue,0.894081711769104,slk,0.3654797673225403
cmn,cmn,0.9996719360351562,zho,0.9995343685150146,pol,0.24015170335769653
cmn,cmn,0.9998888969421387,yue,0.9996275901794434,hun,0.30453982949256897
cmn,cmn,0.9996621608734131,yue,1.000009536743164,deu,0.09566624462604523
cmn,cmn,0.9998465776443481,yue,0.9999769926071167,vie,0.351948082447052
cmn,cmn,0.9999016523361206,yue,0.9990396499633789,ces,0.0672040805220604
cmn,cmn,0.9996703863143921,zho,0.7889811396598816,swe,0.2928115725517273
cmn,cmn,0.9997302889823914,yue,0.9999744892120361,pol,0.19013670086860657
cmn,cmn,0.9998164772987366,yue,1.000006079673767,azj,0.12017668038606644
cmn,cmn,0.9995342493057251,tur,0.12037491798400879,vie,0.5059918165206909
cmn,cmn,0.9996951818466187,yue,0.9657494425773621,eng,0.10116375982761383
cmn,cmn,0.9997208714485168,yue,0.9958921670913696,azj,0.35139334201812744
cmn,cmn,0.9996267557144165,zho,0.9631537199020386,slk,0.1993555873632431
cmn,cmn,0.9998717308044434,vie,0.15848378837108612,tur,0.09206479042768478
cmn,cmn,0.9998496770858765,yue,1.000009298324585,cym,0.11061978340148926
cmn,cmn,0.9994625449180603,zho,0.5595136880874634,lmo,0.1860632598400116
cmn,cmn,0.9997559189796448,zho,0.9493849873542786,slk,0.049684543162584305
cmn,cmn,0.9998223185539246,yue,0.8415701985359192,tur,0.7340227961540222
cmn,cmn,0.9998509883880615,yue,1.0000100135803223,pol,0.10435929149389267
cmn,cmn,0.9995934367179871,zho,0.9999579191207886,cym,0.36796262860298157
cmn,cmn,0.9997707009315491,yue,1.0000077486038208,hun,0.11599735170602798
cmn,cmn,0.999825656414032,yue,0.6096837520599365,ces,0.14957402646541595
cmn,cmn,0.9998596906661987,yue,0.9987851977348328,lmo,0.14156495034694672
cmn,cmn,0.9997585415840149,zho,0.9888443350791931,pol,0.11288876086473465
cmn,cmn,0.999811589717865,yue,0.9791063070297241,ces,0.3548886775970459
cmn,cmn,0.9995301961898804,yue,0.983989953994751,swe,0.07374819368124008
cmn,cmn,0.9997597336769104,zho,0.9979685544967651,ces,0.14163993299007416
cmn,cmn,0.9996108412742615,yue,0.997637927532196,deu,0.08777689933776855
cmn,cmn,0.9995895028114319,yue,0.9988966584205627,swe,0.4774632751941681
cmn,cmn,0.9995512366294861,zho,0.5603746175765991,vie,0.13974842429161072
cmn,cmn,0.9997451901435852,zho,0.7549365162849426,slk,0.1697799265384674
cmn,cmn,0.9998575448989868,yue,0.9843716621398926,lit,0.1571853756904602
cmn,cmn,0.9997511506080627,yue,0.3950433135032654,azj,0.13846413791179657
cmn,cmn,0.9996558427810669,yue,0.9997380375862122,pol,0.08286333084106445
cmn,cmn,0.9998804330825806,yue,1.0000098943710327,fin,0.5134292840957642
cmn,cmn,0.9996680021286011,yue,0.8895007967948914,deu,0.18837197124958038
cmn,cmn,0.9998006224632263,zho,1.0000052452087402,deu,0.3047029972076416
cmn,cmn,0.9997681975364685,yue,0.9984100461006165,ces,0.36309435963630676
cmn,cmn,0.9994339346885681,yue,1.0000100135803223,zho,0.1106477677822113
cmn,cmn,0.9996789693832397,zho,0.4398981034755707,pol,0.33964356780052185
cmn,cmn,0.9996179342269897,tur,0.12037491798400879,deu,0.5865942239761353
cmn,cmn,0.9994636178016663,zho,0.9631537199020386,ces,0.3514822721481323
cmn,cmn,0.9998612403869629,zho,0.9770574569702148,hun,0.9236541390419006
cmn,cmn,0.9998443126678467,yue,0.9989681243896484,ces,0.18699847161769867
cmn,cmn,0.9997870326042175,zho,0.9861823916435242,lit,0.05549689382314682
cmn,cmn,0.9998667240142822,zho,0.9979685544967651,por,0.19357001781463623
cmn,cmn,0.9997623562812805,zho,0.9893175959587097,ces,0.1565612256526947
cmn,cmn,0.9998031258583069,yue,0.8266451954841614,pol,0.08644559234380722
cmn,cmn,0.9997194409370422,zho,0.9517403244972229,kor,0.03445829451084137
cmn,cmn,0.9998220801353455,yue,0.8789017200469971,tur,0.05947795510292053
cmn,cmn,0.9998619556427002,yue,0.9989359974861145,yue,0.2902577221393585
cmn,cmn,0.9997920393943787,yue,0.9989289045333862,tur,0.2488945722579956
cmn,cmn,0.9996066689491272,yue,1.000009536743164,vie,0.05969955772161484
cmn,cmn,0.9997163414955139,zho,0.7761207818984985,zho,0.13446086645126343
cmn,cmn,0.999752938747406,zho,0.8204928040504456,isl,0.46390241384506226
cmn,cmn,0.9998325109481812,yue,1.0000096559524536,ces,0.1735897809267044
cmn,cmn,0.9997699856758118,zho,0.9907946586608887,lim,0.09838255494832993
cmn,cmn,0.9998478889465332,yue,0.9988407492637634,kor,0.09947224706411362
cmn,cmn,0.9998974800109863,yue,0.9818460941314697,khm,0.04510863125324249
cmn,cmn,0.9994731545448303,yue,0.9899571537971497,hun,0.28099554777145386
cmn,cmn,0.9996492862701416,zho,1.0000052452087402,deu,0.6055459976196289
cmn,cmn,0.999729573726654,yue,0.9937925934791565,azj,0.7527931332588196
cmn,cmn,0.9995039701461792,yue,0.8991696238517761,hun,0.697899341583252
cmn,cmn,0.9998881816864014,yue,0.9999966621398926,zho,0.06726063787937164
cmn,cmn,0.9984081387519836,vie,0.2629726827144623,azj,0.7340388894081116
cmn,cmn,0.9998496770858765,yue,0.9989681243896484,khm,0.10941050201654434
cmn,cmn,0.9998005032539368,zho,0.8897761106491089,vie,0.06755810230970383
cmn,cmn,0.9998106360435486,zho,0.9989109039306641,hun,0.21760690212249756
cmn,cmn,0.9993792772293091,yue,0.9983770251274109,zho,0.03479161486029625
cmn,cmn,0.9996774196624756,yue,1.0000077486038208,isl,0.2330613136291504
cmn,cmn,0.9998698234558105,yue,0.8467845916748047,yue,0.07256277650594711
cmn,cmn,0.9996252059936523,yue,0.99996018409729,pol,0.33431363105773926
cmn,cmn,0.9996621608734131,yue,0.9999138116836548,bod,0.080170176923275
cmn,cmn,0.9997379183769226,yue,1.0000098943710327,hun,0.11112482845783234
cmn,cmn,0.9998655319213867,yue,1.0000100135803223,tur,0.24756433069705963
cmn,cmn,0.9997953772544861,yue,0.9791063070297241,deu,0.3808649480342865
cmn,cmn,0.9998782873153687,yue,0.9215250015258789,azb,0.10145252197980881
cmn,cmn,0.9997780919075012,zho,0.7689564824104309,san,0.16098247468471527
cmn,cmn,0.9998871088027954,yue,1.0000100135803223,tuk,0.1024373471736908
cmn,cmn,0.999650239944458,yue,0.49664604663848877,est,0.2196277230978012
cmn,cmn,0.9998791217803955,zho,0.6248353719711304,bod,0.038805633783340454
cmn,cmn,0.9998784065246582,zho,0.9989109039306641,eus,0.20437371730804443
cmn,cmn,0.9996552467346191,zho,0.5182304978370667,ces,0.12573732435703278
cmn,cmn,0.9997583031654358,yue,0.7544573545455933,gle,0.6678003072738647
cmn,cmn,0.9998321533203125,yue,0.8023112416267395,pol,0.41432884335517883
cmn,cmn,0.9996925592422485,zho,0.45637190341949463,pol,0.5103649497032166
cmn,cmn,0.9994984865188599,zho,0.8771201968193054,tur,0.31856027245521545
cmn,cmn,0.9998114705085754,yue,0.9567487835884094,pol,0.6426312327384949
cmn,cmn,0.9998446702957153,yue,1.0000097751617432,ces,0.1940581351518631
cmn,cmn,0.9996955394744873,yue,0.9999816417694092,isl,0.08148946613073349
cmn,cmn,0.9994882345199585,yue,1.0000100135803223,swe,0.3864831328392029
cmn,cmn,0.9997087121009827,yue,0.9988407492637634,ces,0.29902732372283936
cmn,cmn,0.9997926354408264,zho,0.9835244417190552,azj,0.07561933994293213
cmn,cmn,0.9998719692230225,yue,0.5426541566848755,azb,0.10131476819515228
cmn,cmn,0.9998798370361328,yue,0.7544573545455933,est,0.8682601451873779
cmn,cmn,0.9998617172241211,yue,0.9990259408950806,deu,0.27034425735473633
cmn,cmn,0.9997268319129944,yue,0.9277016520500183,eus,0.19445224106311798
cmn,cmn,0.9996559619903564,yue,0.9997926354408264,tuk,0.06539259850978851
cmn,cmn,0.999824583530426,yue,0.7672340273857117,azb,0.0778624415397644
cmn,cmn,0.999854564666748,yue,0.9999856948852539,hun,0.16179777681827545
cmn,cmn,0.9997120499610901,zho,0.6248353719711304,yue,0.06299791485071182
cmn,cmn,0.9997854828834534,yue,0.9929488897323608,mar,0.16765528917312622
cmn,cmn,0.9997361302375793,zho,0.8771201968193054,tur,0.6386054158210754
cmn,cmn,0.9998517036437988,zho,0.9054253697395325,azj,0.12637640535831451
cmn,cmn,0.9997074007987976,zho,0.9812369346618652,azb,0.14561115205287933
cmn,cmn,0.9997621178627014,yue,0.9914970397949219,ces,0.058765750378370285
cmn,cmn,0.9997701048851013,yue,1.0000100135803223,tuk,0.14361242949962616
cmn,cmn,0.9998183846473694,yue,0.9466031193733215,tur,0.10990801453590393
cmn,cmn,0.99979168176651,yue,0.943939208984375,isl,0.10267692804336548
cmn,cmn,0.99982750415802,yue,1.0000097751617432,mar,0.03242892399430275
cmn,cmn,0.9994175434112549,yue,0.894081711769104,slk,0.22146885097026825
cmn,cmn,0.9996447563171387,yue,0.9999632835388184,arb,0.0653158575296402
cmn,cmn,0.9998842477798462,yue,0.9885857701301575,hun,0.6439061164855957
cmn,cmn,0.9994933605194092,zho,0.9192686080932617,azb,0.27691200375556946
cmn,cmn,0.9998371601104736,zho,0.6298951506614685,hun,0.20696397125720978
cmn,cmn,0.9997307658195496,yue,0.8487637042999268,khm,0.1827302724123001
cmn,cmn,0.9998212456703186,yue,0.9999966621398926,ltz,0.5936881303787231
cmn,cmn,0.9996680021286011,zho,0.8916159868240356,hun,0.8433114886283875
cmn,cmn,0.9998873472213745,yue,0.9988488554954529,tur,0.24641753733158112
cmn,cmn,0.9998393058776855,yue,0.7265638113021851,tur,0.11149907857179642
cmn,cmn,0.9996346235275269,zho,0.5392348766326904,gle,0.673624575138092
cmn,cmn,0.999417781829834,zho,0.8049963712692261,swe,0.23243707418441772
cmn,cmn,0.999873161315918,yue,1.000009298324585,hun,0.10577844828367233
cmn,cmn,0.9997395873069763,zho,0.6298951506614685,hun,0.2584407329559326
cmn,cmn,0.9997794032096863,yue,1.0000100135803223,ces,0.18943893909454346
cmn,cmn,0.9997988343238831,zho,0.9994313716888428,ces,0.2246198207139969
cmn,cmn,0.9998611211776733,yue,0.7390084862709045,ces,0.14637692272663116
cmn,cmn,0.9993945360183716,zho,0.5854173302650452,hun,0.6100603342056274
cmn,cmn,0.9997401833534241,yue,0.8487637042999268,khm,0.26555854082107544
cmn,cmn,0.9994882345199585,yue,0.6640364527702332,hun,0.4186249077320099
cmn,cmn,0.9997273087501526,yue,1.0000100135803223,sin,0.07656580954790115
cmn,cmn,0.9998277425765991,yue,0.9985780715942383,ces,0.08314234018325806
cmn,cmn,0.9998939037322998,zho,0.9707104563713074,lim,0.10969646275043488
cmn,cmn,0.9996789693832397,yue,0.9988966584205627,est,0.35424599051475525
cmn,cmn,0.9998353719711304,yue,1.0000097751617432,hun,0.3108823299407959
cmn,cmn,0.9998461008071899,yue,0.7389929890632629,azb,0.06922738999128342
cmn,cmn,0.9998233914375305,zho,0.9993326663970947,kor,0.11611129343509674
cmn,cmn,0.9995928406715393,zho,0.9872953295707703,deu,0.3321974277496338
cmn,cmn,0.9994600415229797,yue,0.9999997615814209,kab,0.18327437341213226
cmn,cmn,0.9998642206192017,yue,1.000003457069397,azj,0.13025665283203125
cmn,cmn,0.9992848038673401,zho,0.5336704850196838,slk,0.5112049579620361
cmn,cmn,0.9996451139450073,zho,0.9983759522438049,deu,0.2885315716266632
cmn,cmn,0.9996384382247925,yue,0.9999940395355225,deu,0.11663524061441422
cmn,cmn,0.9994553923606873,yue,1.0000100135803223,gle,0.24056941270828247
cmn,cmn,0.9997816681861877,yue,0.9968804717063904,ayr,0.19981972873210907
cmn,cmn,0.9997133612632751,yue,0.9985780715942383,isl,0.10174967348575592
cmn,cmn,0.9998370409011841,yue,1.000009298324585,tur,0.07566549628973007
cmn,cmn,0.9998074173927307,yue,0.9575112462043762,lmo,0.2584854066371918
cmn,cmn,0.9981356859207153,yue,1.0000096559524536,azb,0.7326608300209045
cmn,cmn,0.9997215867042542,zho,0.8661291599273682,ces,0.10412681102752686
cmn,cmn,0.9995307922363281,yue,0.9972015023231506,dan,0.054867181926965714
cmn,cmn,0.9995734095573425,zho,0.5336704850196838,deu,0.27984002232551575
cmn,cmn,0.9995891451835632,yue,0.9154818654060364,tur,0.6142041683197021
cmn,cmn,0.9998602867126465,yue,0.9796071648597717,hun,0.36551806330680847
cmn,cmn,0.9995085000991821,yue,0.8674082159996033,bod,0.1498950719833374
cmn,cmn,0.9997758269309998,yue,0.9899571537971497,pol,0.660878598690033
cmn,cmn,0.9998314380645752,zho,0.9054253697395325,hun,0.34562766551971436
cmn,cmn,0.9998242259025574,yue,0.9996685981750488,pol,0.08948829770088196
cmn,cmn,0.9986888766288757,yue,1.000009536743164,hun,0.33183419704437256
cmn,cmn,0.9996829032897949,yue,0.9972015023231506,kor,0.13380974531173706
cmn,cmn,0.9997915625572205,yue,1.0000100135803223,kor,0.1371653974056244
cmn,cmn,0.9998476505279541,yue,1.0000028610229492,hun,0.15478107333183289
cmn,cmn,0.9984197616577148,zho,0.9770574569702148,azj,0.22282370924949646
cmn,cmn,0.9994569420814514,zho,0.9997690320014954,kor,0.07575520873069763
cmn,cmn,0.9997065663337708,yue,0.9936311841011047,ast,0.1998627632856369
cmn,cmn,0.9989696741104126,yue,0.7307254076004028,vie,0.25080037117004395
cmn,cmn,0.9998482465744019,zho,0.43930691480636597,ces,0.1722554862499237
cmn,cmn,0.9997956156730652,yue,0.5350958704948425,jav,0.06935682892799377
cmn,cmn,0.9997155070304871,yue,0.9999998807907104,azb,0.10823002457618713
cmn,cmn,0.9996519088745117,yue,0.8682894110679626,pol,0.22916151583194733
cmn,cmn,0.9997746348381042,zho,0.6619797945022583,yue,0.30964764952659607
cmn,cmn,0.999725878238678,yue,1.0000100135803223,azb,0.06178194284439087
cmn,cmn,0.999614953994751,zho,0.4398981034755707,tur,0.10263651609420776
cmn,cmn,0.9997029900550842,zho,0.9493849873542786,arb,0.11076363921165466
cmn,cmn,0.9996776580810547,zho,0.973608672618866,pol,0.0994751900434494
cmn,cmn,0.9997599720954895,yue,0.6096837520599365,jpn,0.08304429799318314
cmn,cmn,0.9996639490127563,yue,0.9970693588256836,tur,0.46999698877334595
cmn,cmn,0.9996651411056519,yue,0.983989953994751,azb,0.09446001797914505
cmn,cmn,0.9998633861541748,yue,1.0000100135803223,hun,0.364271342754364
cmn,cmn,0.9998577833175659,yue,0.9998980760574341,azj,0.052911195904016495
cmn,cmn,0.9997767806053162,yue,0.997637927532196,tur,0.1292210817337036
cmn,cmn,0.9991723299026489,zho,0.9533135890960693,pol,0.1851317435503006
cmn,cmn,0.9997478127479553,zho,0.8916159868240356,kor,0.20371025800704956
cmn,cmn,0.9997389912605286,yue,0.9999632835388184,tur,0.2583220303058624
cmn,cmn,0.9996768236160278,yue,0.9613267183303833,hun,0.15019580721855164
cmn,cmn,0.9997794032096863,yue,0.9998210072517395,deu,0.1926339864730835
cmn,cmn,0.9998257756233215,zho,0.5182304978370667,pol,0.40140974521636963
cmn,cmn,0.9997739195823669,yue,0.49664604663848877,azb,0.07627034932374954
cmn,cmn,0.9997026324272156,zho,0.5627938508987427,slk,0.7962790727615356
cmn,cmn,0.9997602105140686,zho,0.9964758157730103,hun,0.07926498353481293
cmn,cmn,0.9997879862785339,zho,0.6274853944778442,azj,0.7758907079696655
cmn,cmn,0.9992029070854187,zho,0.9991194605827332,als,0.12160882353782654
cmn,cmn,0.9997193217277527,zho,0.999976396560669,azj,0.23035091161727905
cmn,cmn,0.999815046787262,zho,0.8913208842277527,kor,0.9516543745994568
cmn,cmn,0.998893678188324,zho,0.5392348766326904,gle,0.1735294610261917
cmn,cmn,0.9998453855514526,yue,0.5494983196258545,tuk,0.19805631041526794
cmn,cmn,0.999784529209137,yue,0.9277016520500183,deu,0.12877856194972992
cmn,cmn,0.9997939467430115,zho,0.9812369346618652,tuk,0.4412356913089752
cmn,cmn,0.9997673630714417,yue,0.9326199293136597,azj,0.40711578726768494
cmn,cmn,0.9998422861099243,zho,0.6623139381408691,tur,0.18655188381671906
cmn,cmn,0.9998032450675964,zho,0.9938496947288513,ita,0.08973055332899094
cmn,cmn,0.9996194839477539,zho,0.9375218152999878,vie,0.08226322382688522
cmn,cmn,0.9996693134307861,yue,1.0000083446502686,dan,0.06980522722005844
cmn,cmn,0.9995611310005188,zho,0.752761960029602,tur,0.2578023374080658
cmn,cmn,0.9996218681335449,zho,0.7549365162849426,tur,0.08888057619333267
cmn,cmn,0.9997925162315369,yue,0.8023112416267395,deu,0.12892448902130127
cmn,cmn,0.9998683929443359,yue,1.0000100135803223,tuk,0.15143239498138428
cmn,cmn,0.9997804760932922,yue,0.9995371103286743,hun,0.09393543750047684
cmn,cmn,0.9998687505722046,yue,0.9999606609344482,est,0.043071843683719635
cmn,cmn,0.9996721744537354,zho,0.9974944591522217,tur,0.18290771543979645
cmn,cmn,0.9998427629470825,yue,0.9951348900794983,ces,0.03833111748099327
cmn,cmn,0.9998425245285034,yue,0.7306897640228271,azj,0.28229376673698425
cmn,cmn,0.9997456669807434,zho,0.6298951506614685,hun,0.2612760066986084
cmn,cmn,0.9996588230133057,yue,0.9999998807907104,fra,0.06840009242296219
cmn,cmn,0.9997403025627136,yue,0.9996195435523987,tur,0.30228909850120544
cmn,cmn,0.9998730421066284,zho,0.5603746175765991,hun,0.31630003452301025
cmn,cmn,0.9998201727867126,zho,0.7889811396598816,tur,0.9238022565841675
cmn,cmn,0.9993782043457031,yue,1.0000098943710327,deu,0.22836492955684662
cmn,cmn,0.9996495246887207,yue,0.9997995495796204,hun,0.5570950508117676
cmn,cmn,0.9996321201324463,zho,0.9896253347396851,azb,0.1922810822725296
cmn,cmn,0.9998301267623901,zho,0.9782036542892456,deu,0.20603612065315247
cmn,cmn,0.9997311234474182,yue,0.9995371103286743,hun,0.05665424466133118
cmn,cmn,0.9995657801628113,zho,0.9192686080932617,deu,0.22551167011260986
cmn,cmn,0.9998483657836914,yue,0.9998964071273804,hun,0.09541677683591843
cmn,cmn,0.9996421337127686,yue,0.9929488897323608,deu,0.3220633864402771
cmn,cmn,0.9983049631118774,zho,0.9990286827087402,vie,0.16886627674102783
cmn,cmn,0.9997568726539612,yue,0.981949508190155,hun,0.37446126341819763
cmn,cmn,0.9997780919075012,yue,1.0000097751617432,dan,0.06570397317409515
cmn,cmn,0.9997709393501282,yue,0.9752468466758728,azb,0.1335993856191635
cmn,cmn,0.9998588562011719,yue,0.8594154119491577,deu,0.04147234186530113
cmn,cmn,0.999784529209137,yue,0.9211032390594482,hun,0.1617112159729004
cmn,cmn,0.9998962879180908,yue,1.0000078678131104,pol,0.23664620518684387
cmn,cmn,0.9997226595878601,zho,0.8944759368896484,deu,0.187745600938797
cmn,cmn,0.9998342990875244,yue,0.9410481452941895,hun,0.25894445180892944
cmn,cmn,0.9997194409370422,zho,0.9883574843406677,isl,0.12181427329778671
cmn,cmn,0.9997720122337341,zho,0.45637190341949463,deu,0.10084360092878342
cmn,cmn,0.99972003698349,yue,0.8674082159996033,arb,0.10031099617481232
cmn,cmn,0.9997953772544861,yue,0.9951348900794983,hun,0.2562169134616852
cmn,cmn,0.9998231530189514,yue,0.9978408217430115,deu,0.12433432787656784
cmn,cmn,0.9997883439064026,zho,0.862561047077179,pol,0.47255516052246094
cmn,cmn,0.9995692372322083,yue,0.999976396560669,deu,0.1836518794298172
cmn,cmn,0.9997594952583313,yue,0.5154420733451843,hun,0.21201761066913605
cmn,cmn,0.9998024106025696,yue,0.9613267183303833,deu,0.16565093398094177
cmn,cmn,0.9997023940086365,zho,0.9883574843406677,gle,0.3730689585208893
cmn,cmn,0.9997325539588928,yue,0.9460598826408386,tuk,0.37869349122047424
cmn,cmn,0.9998457431793213,yue,0.999109148979187,hun,0.12930993735790253
cmn,cmn,0.999816358089447,zho,0.9974944591522217,hun,0.5494360327720642
cmn,cmn,0.9998466968536377,yue,0.999942421913147,khm,0.0667680874466896
cmn,cmn,0.9998388290405273,yue,0.9999945163726807,gle,0.12162593007087708
cmn,cmn,0.9998143315315247,yue,1.0000097751617432,eng,0.05045602470636368
cmn,cmn,0.9996960163116455,zho,0.9998441934585571,ces,0.20764920115470886
cmn,cmn,0.9998732805252075,yue,0.9930717349052429,deu,0.1551930457353592
cmn,cmn,0.9997169375419617,yue,1.0000098943710327,yue,0.4792591631412506
cmn,cmn,0.9998257756233215,yue,0.9999995231628418,hun,0.46664944291114807
cmn,cmn,0.9994685053825378,yue,0.8991696238517761,slk,0.3463544547557831
cmn,cmn,0.999428927898407,yue,1.0000100135803223,tur,0.5618141293525696
cmn,cmn,0.9997698664665222,yue,0.6378366947174072,azb,0.23064008355140686
cmn,cmn,0.9997541308403015,yue,0.9994230270385742,uig,0.04337179660797119
cmn,cmn,0.9996374845504761,yue,0.9680517315864563,lmo,0.30898305773735046
cmn,cmn,0.9996703863143921,yue,0.9997144341468811,khm,0.14594630897045135
cmn,cmn,0.9988123178482056,yue,0.6378366947174072,arb,0.22296921908855438
cmn,cmn,0.9998109936714172,zho,0.916327178478241,deu,0.06688348203897476
cmn,cmn,0.9997386336326599,zho,0.9925073385238647,hun,0.3824300765991211
cmn,cmn,0.9997312426567078,zho,0.9995343685150146,pol,0.257469117641449
cmn,cmn,0.9995326995849609,yue,0.9999483823776245,tur,0.09439146518707275
cmn,cmn,0.9997473359107971,zho,0.9999631643295288,isl,0.07611887902021408
cmn,cmn,0.9984534978866577,zho,0.5336704850196838,pol,0.2551212012767792
cmn,cmn,0.9995984435081482,yue,1.000009298324585,hun,0.3881276249885559
cmn,cmn,0.9995248317718506,zho,0.717617928981781,kor,0.1209634318947792
cmn,cmn,0.9998028874397278,zho,0.9979685544967651,zho,0.06237025558948517
cmn,cmn,0.9997269511222839,yue,0.9989005923271179,hun,0.1778198629617691
cmn,cmn,0.9997826218605042,yue,0.9997995495796204,gle,0.18627046048641205
cmn,cmn,0.9997654557228088,yue,0.9830939173698425,pol,0.07643955945968628
cmn,cmn,0.9994530081748962,yue,0.9999632835388184,tur,0.12975341081619263
cmn,cmn,0.9997101426124573,yue,0.9243524074554443,tur,0.09167208522558212
cmn,cmn,0.999823272228241,zho,0.9385577440261841,ces,0.02881857007741928
cmn,cmn,0.9994489550590515,zho,0.7585247159004211,pol,0.4694773852825165
cmn,cmn,0.9998468160629272,yue,0.9989005923271179,hun,0.19457705318927765
cmn,cmn,0.9997594952583313,yue,0.9965534806251526,gle,0.11575787514448166
cmn,cmn,0.9998493194580078,yue,0.9999966621398926,azj,0.13430389761924744
cmn,cmn,0.9997841715812683,zho,0.8049963712692261,hun,0.9565222859382629
cmn,cmn,0.9998500347137451,yue,0.9885857701301575,hun,0.3191928565502167
cmn,cmn,0.9998655319213867,yue,1.000006079673767,tur,0.10527978092432022
cmn,cmn,0.9998418092727661,yue,0.9997201561927795,pol,0.9784582853317261
cmn,cmn,0.9998063445091248,yue,0.9602041244506836,tur,0.07806767523288727
cmn,cmn,0.9998220801353455,yue,1.0000100135803223,azj,0.3591327667236328
cmn,cmn,0.9995790123939514,yue,0.9999434947967529,ces,0.07427401095628738
cmn,cmn,0.9997900128364563,zho,0.752761960029602,pol,0.3289729654788971
cmn,cmn,0.9997418522834778,yue,0.9982056021690369,pol,0.14221331477165222
cmn,cmn,0.9996597766876221,yue,0.9575112462043762,hun,0.3139882981777191
cmn,cmn,0.9997958540916443,yue,0.5426541566848755,kor,0.23313045501708984
cmn,cmn,0.999789297580719,yue,0.9998571872711182,slk,0.13289810717105865
cmn,cmn,0.9998691082000732,yue,0.9972503185272217,hun,0.15548129379749298
cmn,cmn,0.9995493292808533,yue,0.9885857701301575,deu,0.07070153951644897
cmn,cmn,0.9996387958526611,zho,0.9888443350791931,isl,0.5248250365257263
cmn,cmn,0.9997662901878357,zho,0.7350104451179504,fin,0.4646793305873871
cmn,cmn,0.9998001456260681,yue,0.9996275901794434,pol,0.08166567981243134
cmn,cmn,0.9996976852416992,yue,1.0000100135803223,deu,0.22696062922477722
cmn,cmn,0.9998300075531006,yue,0.984347403049469,deu,0.08616544306278229
cmn,cmn,0.9997438788414001,yue,0.9988488554954529,deu,0.1765570193529129
cmn,cmn,0.9998379945755005,yue,0.984347403049469,hun,0.3430183529853821
cmn,cmn,0.9993512034416199,yue,0.9848145246505737,azb,0.15289147198200226
cmn,cmn,0.9998816251754761,zho,0.9369154572486877,azj,0.10238785296678543
cmn,cmn,0.9998518228530884,yue,1.0000100135803223,ces,0.429301381111145
cmn,cmn,0.9997784495353699,yue,0.9243524074554443,por,0.12874117493629456
cmn,cmn,0.9996672868728638,yue,0.977934718132019,zho,0.05460995435714722
cmn,cmn,0.9997642636299133,yue,0.9958921670913696,azj,0.0741904005408287
cmn,cmn,0.9997798800468445,yue,0.9989359974861145,azj,0.4217165410518646
cmn,cmn,0.9998231530189514,yue,0.9326199293136597,deu,0.40612390637397766
cmn,cmn,0.999887228012085,yue,0.9410481452941895,hun,0.09366166591644287
cmn,cmn,0.9997259974479675,yue,0.9998137354850769,zho,0.11883042752742767
cmn,cmn,0.9996479749679565,zho,0.9999579191207886,vie,0.143413707613945
cmn,cmn,0.9998112320899963,yue,0.9999769926071167,tur,0.2078227549791336
cmn,cmn,0.999250590801239,yue,1.0000100135803223,gle,0.09484462440013885
cmn,cmn,0.9996582269668579,zho,0.7585247159004211,gle,0.3487221896648407
cmn,cmn,0.9996523857116699,yue,0.5494983196258545,azj,0.07693108171224594
cmn,cmn,0.9998182654380798,yue,0.9466031193733215,deu,0.0528552383184433
cmn,cmn,0.9995409250259399,yue,0.6640364527702332,ces,0.5382639765739441
cmn,cmn,0.9996083378791809,yue,1.0000091791152954,ces,0.8990947604179382
cmn,cmn,0.9997678399085999,yue,1.0000042915344238,azj,0.38593733310699463
cmn,cmn,0.9995576739311218,yue,0.9524087309837341,ces,0.525848388671875
cmn,cmn,0.9997486472129822,yue,0.9752468466758728,hun,0.30268874764442444
cmn,cmn,0.9998155236244202,yue,1.0000100135803223,azb,0.21757100522518158
cmn,cmn,0.9998001456260681,yue,0.9999431371688843,hun,0.24950091540813446
cmn,cmn,0.9997809529304504,yue,0.999335765838623,hun,0.6550413966178894
cmn,cmn,0.999866247177124,zho,0.9989109039306641,eus,0.4329037070274353
cmn,cmn,0.99982750415802,yue,1.0000100135803223,azb,0.12160105258226395
cmn,cmn,0.9998394250869751,yue,1.0000028610229492,hun,0.31186407804489136
cmn,cmn,0.9998551607131958,yue,0.9460598826408386,tur,0.3649691939353943
cmn,cmn,0.9997950196266174,zho,0.7265589833259583,ces,0.47377753257751465
cmn,cmn,0.9997038245201111,yue,0.9983770251274109,deu,0.07815419137477875
cmn,cmn,0.9995859265327454,yue,0.9998137354850769,azb,0.07445329427719116
cmn,cmn,0.9998600482940674,zho,0.9888443350791931,tuk,0.1499541997909546
cmn,cmn,0.9998574256896973,zho,0.6303617358207703,arb,0.05042005702853203
cmn,cmn,0.9993910789489746,yue,0.8533543944358826,jpn,0.06038013845682144
cmn,cmn,0.9993706345558167,yue,0.9998216032981873,hun,0.6053832173347473
cmn,cmn,0.9998118281364441,yue,0.9999605417251587,azj,0.1484961211681366
cmn,cmn,0.9998733997344971,zho,0.9517403244972229,yue,0.27502551674842834
cmn,cmn,0.9997170567512512,yue,1.000007152557373,azj,0.2100333720445633
cmn,cmn,0.9998030066490173,yue,0.9978408217430115,slk,0.3004240095615387
cmn,cmn,0.9998056292533875,yue,0.5786243677139282,azj,0.05121523141860962
cmn,cmn,0.9997305274009705,yue,0.8487637042999268,ces,0.806711733341217
cmn,cmn,0.9997755885124207,yue,0.9914970397949219,pol,0.1403093934059143
cmn,cmn,0.999845027923584,yue,0.9970693588256836,azj,0.18854139745235443
cmn,cmn,0.9998619556427002,zho,0.919451892375946,azj,0.06387872248888016
cmn,cmn,0.9995855689048767,zho,0.8913208842277527,ast,0.10672363638877869
cmn,cmn,0.9998148083686829,zho,0.7113677859306335,tur,0.07343795895576477
cmn,cmn,0.9998233914375305,zho,0.6303617358207703,mar,0.08518294245004654
cmn,cmn,0.9997417330741882,yue,1.0000100135803223,deu,0.23076601326465607
cmn,cmn,0.9997957348823547,yue,1.0000098943710327,azb,0.13313834369182587
cmn,cmn,0.9996697902679443,yue,0.9589967727661133,tur,0.19467514753341675
cmn,cmn,0.9997482895851135,zho,0.9707044363021851,tur,0.1843561977148056
cmn,cmn,0.9995892643928528,zho,0.9999675750732422,tur,0.22739535570144653
cmn,cmn,0.9996657371520996,yue,1.0000097751617432,ces,0.29356199502944946
cmn,cmn,0.9998781681060791,yue,0.9996275901794434,nav,0.049222636967897415
cmn,cmn,0.9998137354850769,yue,1.0000100135803223,tur,0.21580065786838531
cmn,cmn,0.9997339844703674,yue,0.9965534806251526,eng,0.2317703515291214
cmn,cmn,0.9997209906578064,yue,0.9602041244506836,nav,0.08418650180101395
cmn,cmn,0.9997026324272156,zho,0.7689564824104309,deu,0.08353900164365768
cmn,cmn,0.9997205138206482,yue,0.9979730844497681,ces,0.08680317550897598
cmn,cmn,0.9998465776443481,yue,0.9999856948852539,swe,0.23062008619308472
cmn,cmn,0.9998989105224609,zho,0.9899135828018188,pol,0.0749180018901825
cmn,cmn,0.9993922710418701,zho,0.8567492365837097,ces,0.08853594213724136
cmn,cmn,0.9998409748077393,yue,0.8789017200469971,epo,0.14809244871139526
cmn,cmn,0.9998644590377808,zho,0.9546638131141663,tur,0.24606874585151672
cmn,cmn,0.999665379524231,yue,0.9999138116836548,pol,0.25751742720603943
cmn,cmn,0.9998477697372437,yue,1.0000054836273193,hun,0.12390416860580444
cmn,cmn,0.997595489025116,zho,0.9990286827087402,vie,0.15729275345802307
cmn,cmn,0.9998375177383423,yue,0.9978408217430115,deu,0.06662768870592117
cmn,cmn,0.9994713664054871,yue,0.9999362230300903,khm,0.1551777571439743
cmn,cmn,0.9997978806495667,zho,0.9964758157730103,deu,0.1136951670050621
cmn,cmn,0.9996129870414734,zho,0.9782036542892456,tur,0.3333861827850342
cmn,cmn,0.9997088313102722,yue,1.0000100135803223,por,0.256094753742218
cmn,cmn,0.999836802482605,yue,1.0000096559524536,zho,0.09500322490930557
cmn,cmn,0.9997809529304504,yue,1.0000096559524536,yue,0.06501516699790955
cmn,cmn,0.9997408986091614,zho,0.919451892375946,hun,0.6305569410324097
cmn,cmn,0.9997512698173523,yue,0.8008036613464355,lmo,0.21546700596809387
cmn,cmn,0.9988829493522644,zho,0.5595136880874634,fin,0.3286677598953247
cmn,cmn,0.9996551275253296,zho,0.7265589833259583,ces,0.26878485083580017
cmn,cmn,0.9994221925735474,zho,0.9999631643295288,mos,0.10367972403764725
cmn,cmn,0.9998836517333984,yue,1.0000100135803223,hun,0.24542829394340515
cmn,cmn,0.9998001456260681,zho,0.9991182684898376,hun,0.8361098170280457
cmn,cmn,0.9997895359992981,yue,1.0000098943710327,ces,0.05656934902071953
cmn,cmn,0.999840259552002,yue,0.999916672706604,hun,0.3428820073604584
cmn,cmn,0.9993682503700256,zho,0.9985283017158508,dan,0.21571490168571472
cmn,cmn,0.9997615218162537,yue,0.9988407492637634,pol,0.2294057011604309
cmn,cmn,0.9998313188552856,yue,0.9999606609344482,est,0.06215069815516472
cmn,cmn,0.9998136162757874,zho,0.5068678855895996,pol,0.07692882418632507
cmn,cmn,0.9998935461044312,yue,1.0000100135803223,azj,0.07088669389486313
cmn,cmn,0.9998118281364441,yue,1.0000091791152954,ces,0.8580984473228455
cmn,cmn,0.9998096823692322,zho,0.9839131832122803,isl,0.37332046031951904
cmn,cmn,0.9996199607849121,yue,1.0000100135803223,tur,0.5053540468215942
cmn,cmn,0.9998406171798706,zho,0.7689564824104309,azb,0.06963321566581726
cmn,cmn,0.9998487234115601,yue,0.5631818175315857,kor,0.2072722464799881
cmn,cmn,0.9985149502754211,yue,0.99432373046875,pol,0.38177308440208435
cmn,cmn,0.999618411064148,zho,0.9502251148223877,tur,0.27678993344306946
cmn,cmn,0.9996347427368164,yue,0.9967565536499023,tur,0.34674203395843506
cmn,cmn,0.9997498393058777,yue,0.9999493360519409,san,0.32018619775772095
cmn,cmn,0.9997186064720154,yue,0.5786243677139282,deu,0.25670671463012695
cmn,cmn,0.9994614720344543,zho,0.5595136880874634,azb,0.2173621505498886
cmn,cmn,0.9996740818023682,yue,0.9154818654060364,azj,0.5541930794715881
cmn,cmn,0.9999029636383057,vie,0.15848378837108612,deu,0.14128364622592926
cmn,cmn,0.9998468160629272,yue,1.0000100135803223,cym,0.3807830512523651
cmn,cmn,0.9997673630714417,yue,1.0000096559524536,por,0.12737829983234406
cmn,cmn,0.9997721314430237,yue,1.0000097751617432,hun,0.5012224912643433
cmn,cmn,0.9994065761566162,yue,1.000009536743164,hun,0.31618183851242065
cmn,cmn,0.9997193217277527,zho,0.9885907769203186,azj,0.1338653266429901
cmn,cmn,0.9998018145561218,yue,0.9215250015258789,lmo,0.1994805783033371
cmn,cmn,0.9998793601989746,yue,0.9951348900794983,hun,0.1461479812860489
cmn,cmn,0.9998077750205994,yue,0.9998210072517395,vie,0.07590003311634064
cmn,cmn,0.9998114705085754,zho,0.5392348766326904,isl,0.27767103910446167
cmn,cmn,0.9998363256454468,yue,0.9998964071273804,tur,0.0668095201253891
cmn,cmn,0.9997753500938416,yue,0.9922158122062683,chv,0.38451531529426575
cmn,cmn,0.9997572302818298,yue,0.9999611377716064,ces,0.34034061431884766
cmn,cmn,0.9997702240943909,yue,1.0000100135803223,vie,0.0639079287648201
cmn,cmn,0.9998290538787842,yue,0.9968804717063904,fin,0.11940492689609528
cmn,cmn,0.9997715353965759,yue,0.9982056021690369,fin,0.20771612226963043
cmn,cmn,0.9998725652694702,yue,0.999109148979187,yue,0.12697148323059082
cmn,cmn,0.9998408555984497,yue,0.9996685981750488,dan,0.06373829394578934
cmn,cmn,0.9998213648796082,yue,0.5494983196258545,azj,0.2233888804912567
cmn,cmn,0.9997602105140686,zho,0.8204928040504456,deu,0.22642472386360168
cmn,cmn,0.9998602867126465,yue,0.9998447895050049,ces,0.1810368299484253
cmn,cmn,0.9997895359992981,zho,0.9896253347396851,hun,0.7990321516990662
cmn,cmn,0.999868631362915,zho,0.9812369346618652,hun,0.22339071333408356
cmn,cmn,0.9998037219047546,zho,0.9993094205856323,deu,0.32049036026000977
cmn,cmn,0.9994708895683289,yue,0.9979544281959534,ces,0.07342493534088135
cmn,cmn,0.9997629523277283,yue,0.9999769926071167,pes,0.06611816585063934
cmn,cmn,0.9996771812438965,yue,0.9997380375862122,hun,0.11150997877120972
cmn,cmn,0.9998949766159058,zho,0.973608672618866,ces,0.10273444652557373
cmn,cmn,0.9998642206192017,yue,1.0000100135803223,est,0.342026948928833
cmn,cmn,0.9994539618492126,yue,0.9843716621398926,pol,0.2826555371284485
cmn,cmn,0.9997746348381042,yue,0.9999940395355225,hun,0.12312445044517517
cmn,cmn,0.999864935874939,yue,0.9999744892120361,slk,0.1641005426645279
cmn,cmn,0.9998179078102112,zho,0.43930691480636597,isl,0.2777441740036011
cmn,cmn,0.9998410940170288,yue,1.0000098943710327,vie,0.1606639176607132
cmn,cmn,0.9995456337928772,yue,1.0000100135803223,swe,0.35052135586738586
cmn,cmn,0.9996850490570068,zho,0.9997461438179016,azj,0.12625597417354584
cmn,cmn,0.9994522929191589,yue,1.0000100135803223,vie,0.0716540589928627
cmn,cmn,0.999833345413208,yue,0.8266451954841614,azj,0.14883959293365479
cmn,cmn,0.9995930790901184,zho,0.7761207818984985,swe,0.6083505749702454
cmn,cmn,0.9997758269309998,zho,0.9997690320014954,azj,0.11190871149301529
cmn,cmn,0.9995934367179871,yue,1.0000100135803223,pol,0.32605934143066406
cmn,cmn,0.9997139573097229,zho,0.9533135890960693,deu,0.17112573981285095
cmn,cmn,0.9996312856674194,zho,0.9997690320014954,azb,0.09341681748628616
cmn,cmn,0.9997969269752502,zho,0.9914908409118652,est,0.8077142834663391
cmn,cmn,0.9996659755706787,yue,0.999859094619751,swe,0.24531714618206024
cmn,cmn,0.9998730421066284,yue,0.9998980760574341,tur,0.5017307996749878
cmn,cmn,0.9999127388000488,yue,0.5631818175315857,eng,0.10214262455701828
cmn,cmn,0.9998753070831299,yue,1.0000100135803223,tur,0.5549445748329163
cmn,cmn,0.999790370464325,zho,0.9546638131141663,tur,0.2000516951084137
cmn,cmn,0.9997938275337219,yue,1.0000094175338745,ces,0.12215172499418259
cmn,cmn,0.9998421669006348,zho,0.9546638131141663,deu,0.213739275932312
cmn,cmn,0.9998674392700195,yue,0.9998776912689209,pol,0.2521641254425049
cmn,cmn,0.9998196959495544,yue,0.7390084862709045,gle,0.09355881810188293
cmn,cmn,0.9997478127479553,yue,0.9999997615814209,kor,0.10699989646673203
cmn,cmn,0.999718964099884,zho,0.9839131832122803,zho,0.10972361266613007
cmn,cmn,0.9996514320373535,yue,0.9460598826408386,tur,0.7821719646453857
cmn,cmn,0.9996435642242432,yue,1.0000089406967163,deu,0.3251655101776123
cmn,cmn,0.9998044371604919,yue,0.9971100687980652,khm,0.1087624803185463
cmn,cmn,0.9986757636070251,yue,0.99432373046875,isl,0.10960841178894043
cmn,cmn,0.9998517036437988,zho,0.610033392906189,hun,0.449200838804245
cmn,cmn,0.9997586607933044,yue,0.9818460941314697,khm,0.11680398881435394
cmn,cmn,0.9996080994606018,yue,0.9998441934585571,hun,0.4507148265838623
cmn,cmn,0.9994958639144897,yue,0.9997926354408264,hun,0.18858171999454498
cmn,cmn,0.9996163845062256,yue,0.9589967727661133,zsm,0.054361291229724884
cmn,cmn,0.9996507167816162,zho,0.9958040714263916,deu,0.08534189313650131
cmn,cmn,0.9996745586395264,yue,1.0000096559524536,lim,0.11166026443243027
cmn,cmn,0.9991775155067444,zho,0.8049963712692261,azb,0.12275000661611557
cmn,cmn,0.9998863935470581,yue,0.5569447875022888,tuk,0.30960071086883545
cmn,cmn,0.9998360872268677,zho,0.685021698474884,deu,0.08888962119817734
cmn,cmn,0.9997791647911072,yue,0.9215250015258789,arb,0.029024342074990273
cmn,cmn,0.9996936321258545,zho,0.999976396560669,kab,0.19135671854019165
cmn,cmn,0.9995092153549194,yue,1.0000048875808716,pol,0.3173515796661377
cmn,cmn,0.9998207688331604,yue,0.8594154119491577,hun,0.6078260540962219
cmn,cmn,0.9997819066047668,yue,1.0000098943710327,deu,0.12063150852918625
cmn,cmn,0.9998276233673096,yue,0.6988012790679932,por,0.07858353108167648
cmn,cmn,0.9991637468338013,yue,0.8991696238517761,kor,0.14442571997642517
cmn,cmn,0.9997352957725525,yue,0.9998626708984375,lmo,0.6482827663421631
cmn,cmn,0.9998195767402649,zho,0.9938496947288513,fra,0.07051210850477219
cmn,cmn,0.999239444732666,yue,1.0000048875808716,pol,0.7637041211128235
cmn,cmn,0.9995833039283752,yue,0.9911249876022339,tur,0.8766365647315979
cmn,cmn,0.9998175501823425,yue,0.6096837520599365,chv,0.7580481171607971
cmn,cmn,0.9997139573097229,yue,1.000009298324585,hun,0.11948882043361664
cmn,cmn,0.9996446371078491,zho,0.6303617358207703,deu,0.07664098590612411
cmn,cmn,0.999809205532074,zho,0.9369154572486877,deu,0.15248949825763702
cmn,cmn,0.9997696280479431,yue,0.9963654279708862,ces,0.06634613126516342
cmn,cmn,0.9995850920677185,yue,1.0000100135803223,gle,0.27468323707580566
cmn,cmn,0.9999009370803833,yue,0.9990396499633789,ces,0.10095197707414627
cmn,cmn,0.9997579455375671,yue,0.6910744905471802,azj,0.5728204250335693
cmn,cmn,0.9995904564857483,yue,0.9133325219154358,deu,0.06661294400691986
cmn,cmn,0.9998224377632141,yue,1.000009298324585,ces,0.12075037509202957
cmn,cmn,0.999638557434082,yue,0.9987979531288147,hun,0.14345039427280426
cmn,cmn,0.9997054934501648,zho,0.9502251148223877,hun,0.3307763338088989
cmn,cmn,0.9997842907905579,zho,0.8567492365837097,dan,0.2994402348995209
cmn,cmn,0.999760091304779,yue,0.9999362230300903,kor,0.06970588862895966
cmn,cmn,0.9996033310890198,yue,0.9816370606422424,hun,0.05000083148479462
cmn,cmn,0.9996131062507629,yue,0.9971100687980652,lim,0.24627193808555603
cmn,cmn,0.9997531771659851,yue,0.9930717349052429,zho,0.05279010534286499
cmn,cmn,0.9998564720153809,yue,0.9999995231628418,hun,0.1780458688735962
cmn,cmn,0.9998747110366821,yue,0.9985091686248779,khm,0.04714937508106232
cmn,cmn,0.9996825456619263,zho,0.9885907769203186,azj,0.3052549958229065
cmn,cmn,0.9998594522476196,yue,0.9979730844497681,pol,0.32674145698547363
cmn,cmn,0.9996039271354675,yue,0.9657494425773621,deu,0.23875248432159424
cmn,cmn,0.9998311996459961,yue,0.9963654279708862,deu,0.10994071513414383
cmn,cmn,0.9998364448547363,yue,0.9993855357170105,ces,0.11916634440422058
cmn,cmn,0.9996465444564819,yue,0.7306897640228271,tur,0.12734930217266083
cmn,cmn,0.9998452663421631,yue,0.9996545314788818,azj,0.05008649826049805
cmn,cmn,0.9998003840446472,yue,1.0000078678131104,ces,0.1316402107477188
cmn,cmn,0.9996821880340576,yue,0.999916672706604,hun,0.11218415945768356
cmn,cmn,0.999786913394928,yue,1.0000097751617432,hun,0.12713024020195007
cmn,cmn,0.9998314380645752,yue,0.8008036613464355,ces,0.07741345465183258
cmn,cmn,0.9996325969696045,yue,0.9988966584205627,pol,0.9644489884376526
cmn,cmn,0.9998999834060669,yue,0.99996018409729,deu,0.26755696535110474
cmn,cmn,0.9998531341552734,yue,0.9994804263114929,deu,0.2437475621700287
cmn,cmn,0.9996498823165894,yue,0.9999431371688843,lit,0.05220910161733627
cmn,cmn,0.99973064661026,yue,1.0000100135803223,ces,0.3558245301246643
cmn,cmn,0.9998973608016968,yue,0.9985091686248779,yue,0.057699672877788544
cmn,cmn,0.999605119228363,yue,0.9950231909751892,deu,0.4639023244380951
cmn,cmn,0.9996386766433716,yue,1.0000100135803223,est,0.3058086633682251
cmn,cmn,0.9998034834861755,yue,1.0000100135803223,deu,0.2849735915660858
cmn,cmn,0.9998020529747009,zho,0.9639670848846436,zho,0.12085267901420593
cmn,cmn,0.9996789693832397,zho,0.5603746175765991,ces,0.34443581104278564
cmn,cmn,0.9997946619987488,zho,0.9893175959587097,hun,0.07968021929264069
cmn,cmn,0.9998217225074768,yue,0.4744887351989746,jpn,0.0722271203994751
cmn,cmn,0.9997138381004333,zho,0.9958040714263916,tur,0.32300469279289246
cmn,cmn,0.9997945427894592,zho,0.717617928981781,tur,0.22379514575004578
cmn,cmn,0.9997650980949402,yue,0.7307254076004028,vie,0.19333578646183014
cmn,cmn,0.9997506737709045,zho,1.0000052452087402,deu,0.3690604865550995
cmn,cmn,0.9998512268066406,zho,0.9995343685150146,pol,0.5942676663398743
cmn,cmn,0.9998010993003845,yue,0.9999362230300903,bod,0.0437549464404583
cmn,cmn,0.9997885823249817,yue,0.49664604663848877,yue,0.08607763797044754
cmn,cmn,0.9997743964195251,zho,0.9835244417190552,tur,0.056307777762413025
cmn,cmn,0.9998695850372314,yue,1.0000100135803223,deu,0.21867403388023376
cmn,cmn,0.99967360496521,yue,0.8533543944358826,ces,0.22943255305290222
cmn,cmn,0.9998788833618164,yue,1.0000041723251343,tur,0.24689608812332153
cmn,cmn,0.9995017051696777,yue,0.6640364527702332,ces,0.32700422406196594
cmn,cmn,0.9997448325157166,zho,0.7889811396598816,vie,0.2502860426902771
cmn,cmn,0.9997832179069519,yue,1.0000094175338745,vie,0.1419593244791031
cmn,cmn,0.999869704246521,yue,0.9989005923271179,hun,0.28291136026382446
cmn,cmn,0.9992417097091675,zho,0.9985283017158508,run,0.20250791311264038
cmn,cmn,0.9998536109924316,yue,0.943939208984375,hun,0.1804826259613037
cmn,cmn,0.9998235106468201,yue,0.9993855357170105,ces,0.24803295731544495
cmn,cmn,0.999863862991333,zho,0.9991182684898376,deu,0.3853081166744232
cmn,cmn,0.9995506405830383,zho,0.6274853944778442,nia,0.17078149318695068
cmn,cmn,0.9995881915092468,yue,1.0000097751617432,hun,0.5219457149505615
